loss,rpn_out_class_loss,rpn_out_regress_loss,rpn_out_class_unmasked_binary_accuracy,rpn_out_class_positive_number,rpn_out_regress_unmasked_IoU
0.0003507365472614765,7.230713526951149e-05,0.0002784293901640922,98.42838287353516,831.3089599609375,0.8202767372131348
