loss,rpn_out_class_loss,rpn_out_regress_loss,rpn_out_class_unmasked_binary_accuracy,rpn_out_class_positive_number,rpn_out_regress_unmasked_IoU
0.00021140361786819994,2.4700477297301404e-05,0.00018670313875190914,99.50418090820312,807.480712890625,0.8526952862739563
