loss,rpn_out_class_loss,rpn_out_regress_loss,rpn_out_class_unmasked_binary_accuracy,rpn_out_class_positive_number,rpn_out_regress_unmasked_IoU
0.00020744570065289736,2.5568129785824567e-05,0.0001818775781430304,99.5166244506836,810.7294921875,0.853309690952301


accs_std:0.04169137087818377; ious_std:0.0015700671801042252
