loss,top2_categorical_accuracy
0.00016826530918478966,90.59465789794922

accs_std:0.34528015412883095
